order_id,order_date,amount,expected_rules
ORD-2001,2026-01-01,0.00,clean
ORD-2002,2026-01-01,0.01,clean
ORD-2003,2026-01-01,999999.99,clean
ORD-2004,2026-01-01,1000000.00,clean
ORD-2005,2026-01-01,1.5,clean
ORD-2006,2026-01-01,0.001,clean
ORD-2007,2020-01-01,100.00,clean
ORD-2008,2030-12-31,100.00,clean
ORD-2009,2026-01-01,100.00,clean
ORD-2010,2026-12-31,100.00,clean
ORD-2011,2026-02-28,100.00,clean
ORD-2012,2026-06-15,100.00,clean
ORD-0001,2026-01-01,100.00,clean
ORD-99999,2026-01-01,100.00,clean
X,2026-01-01,100.00,clean
ORD-2013-A,2026-01-01,100.00,clean
ORD 2014,2026-01-01,100.00,clean
ORD_2015,2026-01-01,100.00,clean
ORD-2016,2026-01-01,1.111,clean
ORD-2017,2026-01-01,100.10,clean
ORD-2018,2026-01-01,50,clean
ORD-2019,2026-01-01,49.99,clean
ORD-2020,2026-01-01,100.00,clean
ORD-2021,2026-01-01,100.00,clean
,,,missing_id
ORD-2022,2026-01-01,100.00,clean
ORD-2023,2026-01-01,100.00,clean
ORD-2024,2026-01-01,100.00,clean
ORD-2025,2026-01-01,100.00,clean
